datetime,"Discharge, cubic feet per second (mean)","data-value (approved, provisional, estimated) "
5/17/12,134,A
5/18/12,85.9,A
5/19/12,69.1,A
5/20/12,59.5,A
5/21/12,55.4,A
5/22/12,103,A
5/23/12,94.8,A
5/24/12,75.5,A
5/25/12,64,A
5/26/12,61.1,A
5/27/12,51.8,A
5/28/12,44.4,A
5/29/12,47.8,A
5/30/12,209,A
5/31/12,138,A
6/1/12,73.8,A
6/2/12,464,A
6/3/12,300,A
6/4/12,239,A
6/5/12,206,A
6/6/12,145,A
6/7/12,136,A
6/8/12,111,A
6/9/12,93.5,A
6/10/12,83.9,A
6/11/12,71.4,A
6/12/12,66.5,A
6/13/12,169,A
6/14/12,109,A
6/15/12,76.3,A
6/16/12,63,A
6/17/12,55.3,A
6/18/12,51.8,A
6/19/12,48.1,A
6/20/12,46.5,A
6/21/12,40.2,A
6/22/12,35.1,A
6/23/12,32.5,A
6/24/12,29,A
6/25/12,36.1,A
6/26/12,41.2,A
6/27/12,32.9,A
6/28/12,27.9,A
6/29/12,25,A
6/30/12,22.5,A
7/1/12,20.4,A
7/2/12,18.9,A
7/3/12,17.8,A
7/4/12,19.8,A
7/5/12,19.1,A
7/6/12,17,A
7/7/12,15.8,A
7/8/12,15.6,A
7/9/12,14.2,A
7/10/12,12.9,A
7/11/12,12.4,A
7/12/12,11.7,A
7/13/12,11.6,A
7/14/12,11.2,A
7/15/12,11,A
7/16/12,12.1,A
7/17/12,11.1,A
7/18/12,10,A
7/19/12,8.99,A
7/20/12,8.58,A
7/21/12,8.76,A
7/22/12,8.65,A
7/23/12,12.1,A
7/24/12,21.8,A
7/25/12,18.4,A
7/26/12,13.3,A
7/27/12,12.7,A
7/28/12,24.6,A
7/29/12,43.1,A
7/30/12,21.8,A
7/31/12,15.6,A
8/1/12,13.5,A
8/2/12,12.2,A
8/3/12,10.8,A
8/4/12,9.67,A
8/5/12,10.3,A
8/6/12,14.7,A
8/7/12,11.7,A
8/8/12,9.6,A
8/9/12,8.92,A
8/10/12,88.1,A
8/11/12,85.3,A
8/12/12,58.8,A
8/13/12,28.3,A
8/14/12,20.2,A
8/15/12,35,A
8/16/12,34.5,A
8/17/12,22.1,A
8/18/12,17.9,A
8/19/12,16,A
8/20/12,14.2,A
8/21/12,13.1,A
8/22/12,11.7,A
8/23/12,10.8,A
8/24/12,10.3,A
8/25/12,10.1,A
8/26/12,9.29,A
8/27/12,8.9,A
8/28/12,16.4,A
8/29/12,15.1,A
8/30/12,10.8,A
8/31/12,9.32,A
9/1/12,8.56,A
9/2/12,8.17,A
9/3/12,7.9,A
9/4/12,8.04,A
9/5/12,109,A
9/6/12,40.7,A
9/7/12,23.2,A
9/8/12,23.3,A
9/9/12,56.9,A
9/10/12,28.9,A
9/11/12,20.4,A
9/12/12,16.9,A
9/13/12,15,A
9/14/12,14,A
9/15/12,13.4,A
9/16/12,12.2,A
9/17/12,11.5,A
9/18/12,49.6,A
9/19/12,481,A
9/20/12,78.3,A
9/21/12,46.2,A
9/22/12,34.6,A
9/23/12,60.9,A
9/24/12,37.7,A
9/25/12,28.7,A
9/26/12,25.4,A
9/27/12,23.5,A
9/28/12,75.7,A
9/29/12,126,A
9/30/12,66.4,A
10/1/12,67.5,A
10/2/12,47.9,A
10/3/12,49.2,A
10/4/12,46.3,A
10/5/12,55.1,A
10/6/12,43.1,A
10/7/12,35,A
10/8/12,33.7,A
10/9/12,32,A
10/10/12,32.9,A
10/11/12,38.4,A
10/12/12,31.4,A
10/13/12,27.9,A
10/14/12,32.1,A
10/15/12,40.3,A
10/16/12,66.4,A
10/17/12,43,A
10/18/12,36.3,A
10/19/12,294,A
10/20/12,367,A
10/21/12,132,A
10/22/12,91.3,A
10/23/12,74.8,A
10/24/12,66.8,A
10/25/12,60.5,A
10/26/12,56.4,A
10/27/12,56.3,A
10/28/12,58.9,A
10/29/12,68.3,A
10/30/12,112,A
10/31/12,103,A
11/1/12,87.5,A
11/2/12,74.4,A
11/3/12,69,A
11/4/12,64.8,A
11/5/12,61.5,A
11/6/12,58.6,A
11/7/12,56.2,A
11/8/12,50.8,A
11/9/12,49.5,A
11/10/12,47,A
11/11/12,45.8,A
11/12/12,45,A
11/13/12,51.2,A
11/14/12,53.5,A
11/15/12,47,A
11/16/12,44.4,A
11/17/12,36.8,A
11/18/12,35.2,A
11/19/12,34.5,A
11/20/12,33.9,A
11/21/12,33.7,A
11/22/12,32.5,A
11/23/12,32.6,A
11/24/12,33.6,A
11/25/12,31.3,A
11/26/12,30.3,A
11/27/12,29.7,A
11/28/12,30.5,A
11/29/12,29.8,A
11/30/12,27.9,A
12/1/12,26.6,A
12/2/12,28,A
12/3/12,41,A
12/4/12,35.9,A
12/5/12,34,A
12/6/12,30.9,A
12/7/12,28.5,A
12/8/12,50,A
12/9/12,57.4,A
12/10/12,83.2,A
12/11/12,67.1,A
12/12/12,47.4,A
12/13/12,40.1,A
12/14/12,37.1,A
12/15/12,35.7,A
12/16/12,34.4,A
12/17/12,44.2,A
12/18/12,284,A
12/19/12,163,A
12/20/12,93.5,A
12/21/12,753,A
12/22/12,373,A
12/23/12,177,A
12/24/12,136,A
12/25/12,117,A
12/26/12,101,A
12/27/12,105,A
12/28/12,101,A
12/29/12,92.6,A
12/30/12,89.6,A
12/31/12,86.6,A:e
1/1/13,81.1,A
1/2/13,80,A:e
1/3/13,78.7,A:e
1/4/13,76.2,A:e
1/5/13,71.4,A
1/6/13,65.8,A
1/7/13,64.3,A
1/8/13,62.8,A:e
1/9/13,58.9,A:e
1/10/13,59.6,A
1/11/13,59.6,A
1/12/13,81.6,A
1/13/13,103,A
1/14/13,142,A
1/15/13,132,A
1/16/13,104,A
1/17/13,93.4,A
1/18/13,77.3,A
1/19/13,81.8,A
1/20/13,78.1,A
1/21/13,69.2,A:e
1/22/13,62.8,A:e
1/23/13,54.2,A:e
1/24/13,125,A:e
1/25/13,150,A:e
1/26/13,114,A:e
1/27/13,79.7,A:e
1/28/13,67.9,A:e
1/29/13,73,A
1/30/13,87.3,A
1/31/13,602,A
2/1/13,246,A
2/2/13,143,A:e
2/3/13,106,A:e
2/4/13,92.7,A:e
2/5/13,83.9,A:e
2/6/13,76.8,A:e
2/7/13,73.4,A:e
2/8/13,66.7,A
2/9/13,80.2,A:e
2/10/13,161,A:e
2/11/13,153,A:e
2/12/13,98,A
2/13/13,77.9,A
2/14/13,72.6,A
2/15/13,70.6,A
2/16/13,70.8,A
2/17/13,67.7,A
2/18/13,67.3,A:e
2/19/13,67.3,A:e
2/20/13,64.2,A:e
2/21/13,62.1,A:e
2/22/13,60.1,A:e
2/23/13,56.5,A
2/24/13,66.3,A
2/25/13,74.7,A
2/26/13,66.5,A
2/27/13,164,A
2/28/13,245,A
3/1/13,158,A
3/2/13,130,A
3/3/13,112,A
3/4/13,101,A
3/5/13,95.4,A
3/6/13,101,A
3/7/13,99.3,A
3/8/13,96.5,A
3/9/13,98.2,A
3/10/13,121,A
3/11/13,146,A
3/12/13,453,A
3/13/13,703,A
3/14/13,334,A
3/15/13,230,A
3/16/13,181,A
3/17/13,153,A
3/18/13,131,A
3/19/13,136,A
3/20/13,131,A
3/21/13,119,A
3/22/13,112,A
3/23/13,106,A
3/24/13,105,A
3/25/13,113,A
3/26/13,111,A
3/27/13,115,A
3/28/13,132,A
3/29/13,150,A
3/30/13,184,A
3/31/13,190,A
4/1/13,304,A
4/2/13,233,A
4/3/13,162,A
4/4/13,143,A
4/5/13,157,A
4/6/13,166,A
4/7/13,141,A
4/8/13,161,A
4/9/13,208,A
4/10/13,226,A
4/11/13,249,A
4/12/13,249,A
4/13/13,266,A
4/14/13,212,A
4/15/13,162,A
4/16/13,140,A
4/17/13,137,A
4/18/13,116,A
4/19/13,109,A
4/20/13,204,A
4/21/13,139,A
4/22/13,110,A
4/23/13,101,A
4/24/13,98.4,A
4/25/13,91.1,A
4/26/13,82.8,A
4/27/13,77.7,A
4/28/13,73.5,A
4/29/13,68.9,A
4/30/13,66.8,A
5/1/13,62.2,A
5/2/13,57.8,A
5/3/13,54.9,A
5/4/13,52.9,A
5/5/13,49.2,A
5/6/13,47,A
5/7/13,44.9,A
5/8/13,45.8,A
5/9/13,83.4,A
5/10/13,105,A
5/11/13,85.2,A
5/12/13,134,A
5/13/13,74.6,A
5/14/13,60.6,A
5/15/13,56.1,A
5/16/13,58.6,A
5/17/13,47.6,A
5/18/13,42.5,A
5/19/13,41.9,A
5/20/13,49.4,A
5/21/13,42.5,A
5/22/13,267,A
5/23/13,261,A
5/24/13,465,A
5/25/13,273,A
5/26/13,220,A
5/27/13,145,A
5/28/13,112,A
5/29/13,151,A
5/30/13,224,A
5/31/13,125,A
6/1/13,95,A
6/2/13,86,A
6/3/13,120,A
6/4/13,89.3,A
6/5/13,69.7,A
6/6/13,60.9,A
6/7/13,210,A
6/8/13,607,A
6/9/13,204,A
6/10/13,175,A
6/11/13,870,A
6/12/13,468,A
6/13/13,488,A
6/14/13,1050,A
6/15/13,353,A
6/16/13,233,A
6/17/13,206,A
6/18/13,225,A
6/19/13,190,A
6/20/13,139,A
6/21/13,118,A
6/22/13,102,A
6/23/13,90.5,A
6/24/13,79.4,A
6/25/13,75,A
6/26/13,65.5,A
6/27/13,69.4,A
6/28/13,561,A
6/29/13,204,A
6/30/13,126,A
7/1/13,201,A
7/2/13,190,A
7/3/13,129,A
7/4/13,102,A
7/5/13,84.2,A
7/6/13,72.2,A
7/7/13,65.1,A
7/8/13,63.3,A
7/9/13,56.3,A
7/10/13,78,A
7/11/13,88.4,A
7/12/13,60.6,A
7/13/13,51.5,A
7/14/13,53.1,A
7/15/13,44.1,A
7/16/13,40.2,A
7/17/13,33.4,A
7/18/13,30,A
7/19/13,26.9,A
7/20/13,24.7,A
7/21/13,23.5,A
7/22/13,22.3,A
7/23/13,530,A
7/24/13,141,A
7/25/13,71,A
7/26/13,58.3,A
7/27/13,48.2,A
7/28/13,40.9,A
7/29/13,37.5,A
7/30/13,32.5,A
7/31/13,28.4,A
8/1/13,27.3,A
8/2/13,69.1,A
8/3/13,41.3,A
8/4/13,31.2,A
8/5/13,27.8,A
8/6/13,24.4,A
8/7/13,22.6,A
8/8/13,22.2,A
8/9/13,360,A
8/10/13,181,A
8/11/13,67.4,A
8/12/13,47.1,A
8/13/13,40.8,A
8/14/13,59.4,A
8/15/13,39.9,A
8/16/13,32.1,A
8/17/13,28.1,A
8/18/13,26.2,A
8/19/13,25.7,A
8/20/13,23.7,A
8/21/13,21.5,A
8/22/13,20.5,A
8/23/13,19.5,A
8/24/13,18.2,A
8/25/13,17.1,A
8/26/13,18.8,A
8/27/13,29.9,A
8/28/13,23.7,A
8/29/13,20.1,A
8/30/13,18.9,A
8/31/13,17.8,A
9/1/13,38.8,A
9/2/13,38.3,A
9/3/13,36.2,A
9/4/13,25.6,A
9/5/13,21.4,A
9/6/13,18.7,A
9/7/13,17.3,A
9/8/13,16.4,A
9/9/13,15.1,A
9/10/13,22.2,A
9/11/13,28.6,A
9/12/13,32.1,A
9/13/13,65.9,A
9/14/13,33,A
9/15/13,23.7,A
9/16/13,21,A
9/17/13,18.9,A
9/18/13,17.4,A
9/19/13,16.8,A
9/20/13,16.7,A
9/21/13,16.2,A
9/22/13,61.5,A
9/23/13,34.7,A
9/24/13,23.6,A
9/25/13,20.2,A
9/26/13,18.3,A
9/27/13,16.8,A
9/28/13,16.6,A
9/29/13,16.2,A
9/30/13,16.1,A
10/1/13,15.3,A
10/2/13,14.6,A
10/3/13,13.8,A
10/4/13,14.2,A
10/5/13,26.2,A
10/6/13,33.4,A
10/7/13,50.2,A
10/8/13,70.7,A
10/9/13,35.7,A
10/10/13,27.7,A
10/11/13,25.6,A
10/12/13,23.8,A
10/13/13,22.9,A
10/14/13,21.9,A
10/15/13,21.6,A
10/16/13,21.3,A
10/17/13,21,A
10/18/13,22.2,A
10/19/13,21.8,A
10/20/13,20.8,A
10/21/13,19.9,A
10/22/13,33.7,A
10/23/13,20.3,A
10/24/13,18.9,A
10/25/13,18.2,A
10/26/13,17.9,A
10/27/13,17.9,A
10/28/13,18.1,A
10/29/13,20.5,A
10/30/13,18.3,A
10/31/13,19.1,A
11/1/13,32.3,A
11/2/13,32.7,A
11/3/13,24.5,A
11/4/13,20.8,A
11/5/13,32.7,A
11/6/13,36.8,A
11/7/13,38.1,A
11/8/13,38.1,A
11/9/13,36.7,A
11/10/13,37.3,A
11/11/13,35.8,A
11/12/13,34.6,A
11/13/13,33.8,A
11/14/13,33.8,A
11/15/13,21.5,A
11/16/13,19.8,A
11/17/13,20,A
11/18/13,37.9,A
11/19/13,36.4,A
11/20/13,25.9,A
11/21/13,26.7,A
11/22/13,25.6,A
11/23/13,24.3,A
11/24/13,20.7,A:e
11/25/13,20.5,A:e
11/26/13,21.3,A
11/27/13,495,A
11/28/13,199,A
11/29/13,83.1,A
11/30/13,57.8,A:e
12/1/13,50.5,A
12/2/13,47.1,A
12/3/13,44.9,A
12/4/13,44.2,A
12/5/13,40.6,A
12/6/13,50.7,A
12/7/13,63.9,A
12/8/13,49.5,A
12/9/13,44.6,A
12/10/13,43.6,A
12/11/13,36.5,A:e
12/12/13,35.5,A:e
12/13/13,35.1,A:e
12/14/13,34.9,A:e
12/15/13,34.3,A:e
12/16/13,33.7,A:e
12/17/13,34.3,A:e
12/18/13,34,A:e
12/19/13,34.6,A:e
12/20/13,34.6,A:e
12/21/13,37.7,A
12/22/13,73.5,A
12/23/13,212,A
12/24/13,183,A
12/25/13,83.7,A:e
12/26/13,70.5,A:e
12/27/13,68,A:e
12/28/13,57.2,A:e
12/29/13,104,A
12/30/13,277,A
12/31/13,128,A
1/1/14,117,A:e
1/2/14,108,A:e
1/3/14,111,A:e
1/4/14,108,A:e
1/5/14,110,A:e
1/6/14,300,A:e
1/7/14,245,A:e
1/8/14,198,A:e
1/9/14,153,A:e
1/10/14,166,A:e
1/11/14,344,A
1/12/14,717,A
1/13/14,306,A
1/14/14,176,A:e
1/15/14,253,A
1/16/14,156,A
1/17/14,131,A
1/18/14,115,A
1/19/14,103,A
1/20/14,97.5,A
1/21/14,78,A:e
1/22/14,73.1,A:e
1/23/14,71.2,A:e
1/24/14,69.3,A:e
1/25/14,68.4,A:e
1/26/14,67.5,A:e
1/27/14,67.5,A:e
1/28/14,66.6,A:e
1/29/14,64,A:e
1/30/14,65.7,A:e
1/31/14,70.3,A
2/1/14,71.5,A
2/2/14,61.7,A
2/3/14,53.6,A
2/4/14,48.3,A:e
2/5/14,49,A:e
2/6/14,54.1,A:e
2/7/14,49.3,A:e
2/8/14,46.7,A:e
2/9/14,45.2,A:e
2/10/14,44.6,A:e
2/11/14,43.5,A:e
2/12/14,41.8,A:e
2/13/14,45.2,A:e
2/14/14,55.3,A:e
2/15/14,51.6,A:e
2/16/14,49.6,A:e
2/17/14,47.1,A:e
2/18/14,50.5,A:e
2/19/14,52.2,A:e
2/20/14,53.9,A
2/21/14,87.7,A
2/22/14,133,A
2/23/14,90.2,A
2/24/14,73.3,A
2/25/14,61.8,A:e
2/26/14,56.2,A:e
2/27/14,52.4,A:e
2/28/14,49.4,A:e
3/1/14,46.6,A:e
3/2/14,41.9,A:e
3/3/14,40.4,A:e
3/4/14,39,A:e
3/5/14,37.7,A:e
3/6/14,37.7,A:e
3/7/14,37.2,A:e
3/8/14,39.2,A
3/9/14,40.7,A
3/10/14,40.4,A
3/11/14,51.4,A
3/12/14,88.4,A
3/13/14,158,A
3/14/14,99.4,A
3/15/14,79.7,A
3/16/14,90.9,A
3/17/14,78.9,A
3/18/14,69.5,A
3/19/14,62.7,A
3/20/14,199,A
3/21/14,149,A
3/22/14,108,A
3/23/14,114,A
3/24/14,89.5,A
3/25/14,79,A
3/26/14,72.8,A
3/27/14,68,A
3/28/14,78.6,A
3/29/14,154,A
3/30/14,1220,A
3/31/14,711,A
4/1/14,417,A
4/2/14,379,A
4/3/14,344,A
4/4/14,301,A
4/5/14,344,A
4/6/14,258,A
4/7/14,219,A
4/8/14,392,A
4/9/14,296,A
4/10/14,219,A
4/11/14,201,A
4/12/14,221,A
4/13/14,179,A
4/14/14,160,A
4/15/14,349,A
4/16/14,500,A
4/17/14,262,A
4/18/14,206,A
4/19/14,180,A
4/20/14,156,A
4/21/14,142,A
4/22/14,133,A
4/23/14,128,A
4/24/14,115,A
4/25/14,103,A
4/26/14,197,A
4/27/14,215,A
4/28/14,143,A
4/29/14,119,A
4/30/14,301,A
5/1/14,914,A
5/2/14,349,A
5/3/14,236,A
5/4/14,198,A
5/5/14,170,A
5/6/14,151,A
5/7/14,136,A
5/8/14,125,A
5/9/14,128,A
5/10/14,155,A
5/11/14,134,A
5/12/14,108,A
5/13/14,97.2,A
5/14/14,90.1,A
5/15/14,86.4,A
5/16/14,150,A
5/17/14,750,A
5/18/14,237,A
5/19/14,161,A
5/20/14,133,A
5/21/14,114,A
5/22/14,114,A
5/23/14,189,A
5/24/14,317,A
5/25/14,162,A
5/26/14,128,A
5/27/14,111,A
5/28/14,101,A
5/29/14,95.8,A
5/30/14,89.4,A
5/31/14,97.9,A
6/1/14,82.4,A
6/2/14,71.2,A
6/3/14,68.3,A
6/4/14,141,A
6/5/14,130,A
6/6/14,111,A
6/7/14,78.8,A
6/8/14,65.3,A
6/9/14,58.4,A
6/10/14,66.6,A
6/11/14,58.3,A
6/12/14,63.6,A
6/13/14,174,A
6/14/14,176,A
6/15/14,94,A
6/16/14,70,A
6/17/14,58.7,A
6/18/14,73,A
6/19/14,58.7,A
6/20/14,47.2,A
6/21/14,40.4,A
6/22/14,37.3,A
6/23/14,34.9,A
6/24/14,32.4,A
6/25/14,30.9,A
6/26/14,123,A
6/27/14,60,A
6/28/14,42.3,A
6/29/14,36.1,A
6/30/14,32,A
7/1/14,29.7,A
7/2/14,33.7,A
7/3/14,76.4,A
7/4/14,369,A
7/5/14,185,A
7/6/14,83.8,A
7/7/14,60.4,A
7/8/14,87.5,A
7/9/14,73.2,A
7/10/14,59.4,A
7/11/14,45.4,A
7/12/14,38.7,A
7/13/14,35,A
7/14/14,55.2,A
7/15/14,65.6,A
7/16/14,176,A
7/17/14,101,A
7/18/14,60,A
7/19/14,47.2,A
7/20/14,42.8,A
7/21/14,37.9,A
7/22/14,33.9,A
7/23/14,34.6,A
7/24/14,101,A
7/25/14,48.6,A
7/26/14,35.2,A
7/27/14,35.7,A
7/28/14,235,A
7/29/14,151,A
7/30/14,74,A
7/31/14,54.8,A
8/1/14,57,A
8/2/14,55.5,A
8/3/14,45.3,A
8/4/14,42.5,A
8/5/14,43.8,A
8/6/14,44.7,A
8/7/14,35.4,A
8/8/14,30.3,A
8/9/14,27.6,A
8/10/14,25.7,A
8/11/14,23.7,A
8/12/14,24,A
8/13/14,637,A
8/14/14,308,A
8/15/14,109,A
8/16/14,78.6,A
8/17/14,63.3,A
8/18/14,53.4,A
8/19/14,45.5,A
8/20/14,41.3,A
8/21/14,42.8,A
8/22/14,60.5,A
8/23/14,51.7,A
8/24/14,43.4,A
8/25/14,37.3,A
8/26/14,33.3,A
8/27/14,30.6,A
8/28/14,28.4,A
8/29/14,25.5,A
8/30/14,24.2,A
8/31/14,23.9,A
9/1/14,25.6,A
9/2/14,25.2,A
9/3/14,31.3,A
9/4/14,25.2,A
9/5/14,22.4,A
9/6/14,21.7,A
9/7/14,29.8,A
9/8/14,23.5,A
9/9/14,20.3,A
9/10/14,19.4,A
9/11/14,19.5,A
9/12/14,19.8,A
9/13/14,19.6,A
9/14/14,28,A
9/15/14,22.2,A
9/16/14,20.2,A
9/17/14,20,A
9/18/14,17.8,A
9/19/14,17,A
9/20/14,16.3,A
9/21/14,16.7,A
9/22/14,17,A
9/23/14,14.6,A
9/24/14,14,A
9/25/14,14,A
9/26/14,16.7,A
9/27/14,13.5,A
9/28/14,13,A
9/29/14,12.9,A
9/30/14,12.9,A
10/1/14,15,A
10/2/14,30.2,A
10/3/14,23.5,A
10/4/14,60.4,A
10/5/14,113,A
10/6/14,40.4,A
10/7/14,29.5,A
10/8/14,42.3,A
10/9/14,37.3,A
10/10/14,28.8,A
10/11/14,25.8,A
10/12/14,26.6,A
10/13/14,23.4,A
10/14/14,23.2,A
10/15/14,23.5,A
10/16/14,184,A
10/17/14,117,A
10/18/14,58,A
10/19/14,43.8,A
10/20/14,36.3,A
10/21/14,34.6,A
10/22/14,35,A
10/23/14,479,A
10/24/14,201,A
10/25/14,117,A
10/26/14,89.2,A
10/27/14,73.5,A
10/28/14,63.6,A
10/29/14,60.2,A
10/30/14,61.7,A
10/31/14,54.8,A
11/1/14,52.4,A
11/2/14,51.2,A
11/3/14,50,A
11/4/14,60.9,A
11/5/14,59.5,A
11/6/14,62,A
11/7/14,81.1,A
11/8/14,68,A
11/9/14,62.1,A
11/10/14,59.2,A
11/11/14,57.6,A
11/12/14,57.7,A
11/13/14,41.3,A
11/14/14,40.7,A
11/15/14,38.4,A
11/16/14,37.3,A
11/17/14,87.8,A
11/18/14,134,A
11/19/14,70.5,A
11/20/14,57,A
11/21/14,51.3,A
11/22/14,45.1,A
11/23/14,49.1,A
11/24/14,137,A
11/25/14,122,A
11/26/14,87.5,A
11/27/14,91.9,A
11/28/14,85.4,A
11/29/14,74.1,A
11/30/14,73.6,A
12/1/14,112,A
12/2/14,128,A
12/3/14,139,A
12/4/14,141,A
12/5/14,104,A
12/6/14,181,A
12/7/14,272,A
12/8/14,141,A
12/9/14,460,A
12/10/14,748,A
12/11/14,367,A
12/12/14,233,A
12/13/14,190,A
12/14/14,166,A
12/15/14,154,A
12/16/14,141,A
12/17/14,216,A
12/18/14,199,A
12/19/14,154,A
12/20/14,132,A
12/21/14,125,A
12/22/14,121,A
12/23/14,158,A
12/24/14,245,A
12/25/14,333,A
12/26/14,215,A
12/27/14,168,A
12/28/14,158,A
12/29/14,145,A
12/30/14,124,A
12/31/14,106,A
1/1/15,109,A
1/2/15,101,A
1/3/15,95.2,A
1/4/15,142,A
1/5/15,186,A
1/6/15,138,A
1/7/15,91.6,A:e
1/8/15,92.9,A:e
1/9/15,89.1,A:e
1/10/15,85.9,A:e
1/11/15,86.4,A:e
1/12/15,82.7,A:e
1/13/15,82.7,A:e
1/14/15,79.7,A:e
1/15/15,73.9,A:e
1/16/15,72.1,A:e
1/17/15,74.7,A:e
1/18/15,93.2,A:e
1/19/15,332,A:e
1/20/15,185,A
1/21/15,144,A
1/22/15,109,A
1/23/15,102,A:e
1/24/15,94.2,A
1/25/15,90.2,A
1/26/15,82.9,A:e
1/27/15,88.1,A:e
1/28/15,85.5,A:e
1/29/15,79.7,A:e
1/30/15,76.4,A:e
1/31/15,72.6,A:e
2/1/15,69.3,A:e
2/2/15,74.3,A:e
2/3/15,74.3,A:e
2/4/15,71.7,A:e
2/5/15,71.2,A:e
2/6/15,69.3,A:e
2/7/15,66.1,A:e
2/8/15,70.9,A:e
2/9/15,71.7,A:e
2/10/15,68.4,A:e
2/11/15,65,A:e
2/12/15,62.1,A:e
2/13/15,60.5,A:e
2/14/15,59,A:e
2/15/15,60.2,A:e
2/16/15,58.3,A:e
2/17/15,58.3,A:e
2/18/15,57.6,A:e
2/19/15,55.8,A:e
2/20/15,53.1,A:e
2/21/15,52.3,A:e
2/22/15,56.1,A:e
2/23/15,53.6,A:e
2/24/15,53.5,A:e
2/25/15,51.6,A:e
2/26/15,51,A:e
2/27/15,51,A:e
2/28/15,50.4,A:e
3/1/15,50.4,A:e
3/2/15,52.9,A:e
3/3/15,51.6,A:e
3/4/15,53.5,A:e
3/5/15,51.9,A:e
3/6/15,47.9,A:e
3/7/15,48.7,A:e
3/8/15,47.6,A:e
3/9/15,43.5,A:e
3/10/15,47.4,A
3/11/15,54.9,A:e
3/12/15,58.5,A:e
3/13/15,60.1,A:e
3/14/15,60.9,A:e
3/15/15,69.7,A:e
3/16/15,73.7,A:e
3/17/15,78.5,A:e
3/18/15,70.1,A:e
3/19/15,61.3,A:e
3/20/15,60.5,A:e
3/21/15,51.7,A:e
3/22/15,40.1,A:e
3/23/15,37.3,A:e
3/24/15,37.7,A:e
3/25/15,45.7,A:e
3/26/15,80.1,A:e
3/27/15,183,A:e
3/28/15,141,A:e
3/29/15,109,A:e
3/30/15,108,A:e
3/31/15,111,A:e
4/1/15,126,A:e
4/2/15,134,A:e
4/3/15,284,A
4/4/15,499,A
4/5/15,308,A
4/6/15,213,A:e
4/7/15,240,A:e
4/8/15,218,A:e
4/9/15,213,A:e
4/10/15,326,A:e
4/11/15,329,A
4/12/15,248,A:e
4/13/15,234,A:e
4/14/15,235,A
4/15/15,196,A
4/16/15,167,A
4/17/15,160,A
4/18/15,150,A
4/19/15,131,A
4/20/15,193,A
4/21/15,472,A
4/22/15,239,A
4/23/15,196,A
4/24/15,159,A
4/25/15,142,A
4/26/15,131,A
4/27/15,122,A
4/28/15,114,A
4/29/15,106,A
4/30/15,98.4,A
5/1/15,94.2,A
5/2/15,90.2,A
5/3/15,84.7,A
5/4/15,80.7,A
5/5/15,74.8,A
5/6/15,69,A
5/7/15,65.4,A
5/8/15,62.5,A
5/9/15,59.4,A
5/10/15,57.8,A
5/11/15,53.2,A
5/12/15,49.8,A
5/13/15,43.8,A
5/14/15,41.6,A
5/15/15,39.6,A
5/16/15,39,A
5/17/15,38.5,A
5/18/15,34.4,A
5/19/15,45.5,A
5/20/15,30.9,A
5/21/15,30.2,A
5/22/15,29.8,A
5/23/15,26.7,A
5/24/15,25.3,A
5/25/15,24.4,A
5/26/15,24.3,A
5/27/15,27.1,A
5/28/15,34.4,A
5/29/15,30.2,A
5/30/15,23.9,A
5/31/15,22.7,A
6/1/15,73.4,A
6/2/15,244,A
6/3/15,93,A
6/4/15,52.3,A
6/5/15,42.3,A
6/6/15,35,A
6/7/15,29.4,A
6/8/15,28.6,A
6/9/15,59.2,A
6/10/15,80.1,A
6/11/15,40.9,A
6/12/15,30.1,A
6/13/15,33.9,A
6/14/15,27.9,A
6/15/15,215,A
6/16/15,141,A
6/17/15,77.5,A
6/18/15,51.1,A
6/19/15,42.9,A
6/20/15,35.4,A
6/21/15,127,A
6/22/15,99,A
6/23/15,55,A
6/24/15,49.9,A
6/25/15,37.7,A
6/26/15,32.5,A
6/27/15,30.5,A
6/28/15,297,A
6/29/15,150,A
6/30/15,82.9,A
7/1/15,169,A
7/2/15,172,A
7/3/15,85.8,A
7/4/15,65.3,A
7/5/15,67,A
7/6/15,52.8,A
7/7/15,97.8,A
7/8/15,202,A
7/9/15,85.9,A
7/10/15,493,A
7/11/15,143,A
7/12/15,90.8,A
7/13/15,70.6,A
7/14/15,67.8,A
7/15/15,71.9,A
7/16/15,58.5,A
7/17/15,47.7,A
7/18/15,50.9,A
7/19/15,58.3,A
7/20/15,68,A
7/21/15,45.5,A
7/22/15,37.6,A
7/23/15,32.4,A
7/24/15,29,A
7/25/15,27.1,A
7/26/15,29.5,A
7/27/15,167,A
7/28/15,133,A
7/29/15,59.9,A
7/30/15,46.3,A
7/31/15,51.9,A
8/1/15,40.3,A
8/2/15,36.3,A
8/3/15,30,A
8/4/15,32.3,A
8/5/15,42.8,A
8/6/15,28,A
8/7/15,24.3,A
8/8/15,22.1,A
8/9/15,20.3,A
8/10/15,19.5,A
8/11/15,72.9,A
8/12/15,125,A
8/13/15,45.3,A
8/14/15,31.8,A
8/15/15,28.6,A
8/16/15,55.3,A
8/17/15,34.2,A
8/18/15,27.6,A
8/19/15,31.4,A
8/20/15,24.2,A
8/21/15,37.6,A
8/22/15,38.5,A
8/23/15,27.2,A
8/24/15,25.2,A
8/25/15,59.6,A
8/26/15,72.1,A
8/27/15,37,A
8/28/15,28.3,A
8/29/15,24.4,A
8/30/15,21.7,A
8/31/15,20.1,A
9/1/15,18.2,A
9/2/15,16.8,A
9/3/15,16,A
9/4/15,16.1,A
9/5/15,14.9,A
9/6/15,13.8,A
9/7/15,13.1,A
9/8/15,12.6,A
9/9/15,14.4,A
9/10/15,33.6,A
9/11/15,86,A
9/12/15,50.8,A
9/13/15,87.2,A
9/14/15,169,A
9/15/15,66.4,A
9/16/15,48.6,A
9/17/15,42.4,A
9/18/15,38.9,A
9/19/15,36.7,A
9/20/15,34.7,A
9/21/15,31.3,A
9/22/15,28.8,A
9/23/15,16.5,A
9/24/15,14.7,A
9/25/15,13.6,A
9/26/15,12.9,A
9/27/15,12.3,A
9/28/15,12.1,A
9/29/15,12.8,A
9/30/15,1160,A
10/1/15,224,A
10/2/15,105,A
10/3/15,78.3,A
10/4/15,51.9,A
10/5/15,43.6,A
10/6/15,40.2,A
10/7/15,37.5,A
10/8/15,34.1,A
10/9/15,34.7,A
10/10/15,41.9,A
10/11/15,34.5,A
10/12/15,31.8,A
10/13/15,30.2,A
10/14/15,30.6,A
10/15/15,28.2,A
10/16/15,40.2,A
10/17/15,41.6,A
10/18/15,39.8,A
10/19/15,39.8,A
10/20/15,41.1,A
10/21/15,31.7,A
10/22/15,29.2,A
10/23/15,28.3,A
10/24/15,25.3,A
10/25/15,30.9,A
10/26/15,33.5,A
10/27/15,27.5,A
10/28/15,39.3,A
10/29/15,469,A
10/30/15,122,A
10/31/15,76.7,A
11/1/15,63.8,A
11/2/15,57.9,A
11/3/15,49.8,A
11/4/15,45.9,A
11/5/15,44.4,A
11/6/15,44.1,A
11/7/15,42,A
11/8/15,39.4,A
11/9/15,38,A
11/10/15,38.9,A
11/11/15,78,A
11/12/15,87.4,A
11/13/15,86.7,A
11/14/15,58.1,A
11/15/15,48.8,A
11/16/15,45.7,A
11/17/15,42,A
11/18/15,40.2,A
11/19/15,44.6,A
11/20/15,232,A
11/21/15,98.9,A
11/22/15,72.5,A
11/23/15,61.7,A
11/24/15,56.2,A
11/25/15,52.2,A
11/26/15,50.4,A
11/27/15,50.4,A
11/28/15,51.6,A
11/29/15,52.3,A
11/30/15,47.5,A
12/1/15,46.9,A
12/2/15,79.8,A
12/3/15,125,A
12/4/15,91.3,A
12/5/15,65.3,A
12/6/15,58.8,A
12/7/15,56.9,A
12/8/15,55.4,A
12/9/15,54.2,A
12/10/15,53.7,A
12/11/15,52,A
12/12/15,50,A
12/13/15,47.8,A
12/14/15,49,A
12/15/15,108,A
12/16/15,73.9,A
12/17/15,78.6,A
12/18/15,132,A
12/19/15,83.3,A
12/20/15,66.2,A
12/21/15,61.1,A
12/22/15,77.7,A
12/23/15,109,A
12/24/15,400,A
12/25/15,158,A
12/26/15,113,A
12/27/15,123,A
12/28/15,112,A
12/29/15,108,A
12/30/15,101,A
12/31/15,126,A
1/1/16,134,A
1/2/16,109,A
1/3/16,94,A
1/4/16,85,A
1/5/16,81.3,A:e
1/6/16,77.2,A:e
1/7/16,73.8,A:e
1/8/16,72.2,A:e
1/9/16,70.8,A
1/10/16,392,A
1/11/16,359,A
1/12/16,158,A
1/13/16,128,A
1/14/16,114,A:e
1/15/16,102,A
1/16/16,104,A:e
1/17/16,102,A:e
1/18/16,100,A:e
1/19/16,97.8,A:e
1/20/16,95.3,A:e
1/21/16,82.4,A:e
1/22/16,78.3,A:e
1/23/16,68.4,A
1/24/16,68.5,A:e
1/25/16,65.2,A
1/26/16,64.2,A
1/27/16,67.5,A
1/28/16,67.2,A
1/29/16,62.9,A
1/30/16,59.3,A
1/31/16,58.7,A
2/1/16,62.8,A
2/2/16,65,A
2/3/16,112,A
2/4/16,181,A
2/5/16,114,A
2/6/16,87.2,A
2/7/16,80.5,A
2/8/16,77,A
2/9/16,73.4,A:e
2/10/16,71.4,A:e
2/11/16,68.4,A
2/12/16,81.2,A
2/13/16,92.4,A
2/14/16,95,A:e
2/15/16,102,A
2/16/16,192,A
2/17/16,279,A
2/18/16,137,A
2/19/16,118,A:e
2/20/16,117,A
2/21/16,155,A
2/22/16,143,A
2/23/16,110,A
2/24/16,345,A
2/25/16,1680,A
2/26/16,381,A
2/27/16,224,A
2/28/16,193,A
2/29/16,179,A
3/1/16,155,A
3/2/16,297,A
3/3/16,190,A
3/4/16,148,A
3/5/16,133,A
3/6/16,123,A
3/7/16,118,A
3/8/16,117,A
3/9/16,119,A
3/10/16,126,A
3/11/16,141,A
3/12/16,128,A
3/13/16,108,A
3/14/16,124,A
3/15/16,244,A
3/16/16,181,A
3/17/16,201,A
3/18/16,152,A
3/19/16,127,A
3/20/16,113,A
3/21/16,110,A
3/22/16,103,A
3/23/16,97.9,A
3/24/16,91.9,A
3/25/16,99.4,A
3/26/16,99.1,A
3/27/16,89,A
3/28/16,120,A
3/29/16,138,A
3/30/16,100,A
3/31/16,90.2,A
4/1/16,89.1,A
4/2/16,104,A
4/3/16,108,A
4/4/16,92.9,A
4/5/16,91.8,A
4/6/16,89.6,A
4/7/16,259,A
4/8/16,336,A
4/9/16,155,A
4/10/16,122,A
4/11/16,115,A
4/12/16,155,A
4/13/16,133,A
4/14/16,109,A
4/15/16,98.6,A
4/16/16,91.3,A
4/17/16,86,A
4/18/16,83.7,A
4/19/16,79.3,A
4/20/16,73,A
4/21/16,69.6,A
4/22/16,73.5,A
4/23/16,74.3,A
4/24/16,66,A
4/25/16,61.8,A
4/26/16,77.6,A
4/27/16,87.6,A
4/28/16,67.8,A
4/29/16,60.2,A
4/30/16,56.6,A
5/1/16,55.2,A
5/2/16,89.3,A
5/3/16,124,A
5/4/16,99.7,A
5/5/16,107,A
5/6/16,91.3,A
5/7/16,171,A
5/8/16,111,A
5/9/16,85.5,A
5/10/16,72.5,A
5/11/16,67.2,A
5/12/16,61.8,A
5/13/16,63.9,A
5/14/16,92.2,A
5/15/16,89.9,A
5/16/16,68.5,A
5/17/16,61.3,A
5/18/16,55.1,A
5/19/16,52.7,A
5/20/16,60.4,A
5/21/16,51.9,A
5/22/16,48.2,A
5/23/16,45.5,A
5/24/16,49.1,A
5/25/16,50.7,A
5/26/16,42.3,A
5/27/16,38.3,A
5/28/16,34.9,A
5/29/16,32.9,A
5/30/16,55.1,A
5/31/16,57.9,A
6/1/16,39.6,A
6/2/16,36.4,A
6/3/16,38.2,A
6/4/16,39.3,A
6/5/16,70,A
6/6/16,240,A
6/7/16,80.3,A
6/8/16,56.9,A
6/9/16,45.8,A
6/10/16,39.8,A
6/11/16,39.7,A
6/12/16,48.4,A
6/13/16,38.5,A
6/14/16,34,A
6/15/16,31.9,A
6/16/16,28.4,A
6/17/16,26.7,A
6/18/16,24.5,A
6/19/16,22.6,A
6/20/16,21.2,A
6/21/16,20.5,A
6/22/16,18.8,A
6/23/16,18,A
6/24/16,17.2,A
6/25/16,16.4,A
6/26/16,15.8,A
6/27/16,14.9,A
6/28/16,14.9,A
6/29/16,17.7,A
6/30/16,16.6,A
7/1/16,14.7,A
7/2/16,14.6,A
7/3/16,14.2,A
7/4/16,12.6,A
7/5/16,13.2,A
7/6/16,15.4,A
7/7/16,14,A
7/8/16,15.5,A
7/9/16,16.1,A
7/10/16,22.7,A
7/11/16,20.9,A
7/12/16,17.1,A
7/13/16,14.6,A
7/14/16,13.4,A
7/15/16,17.3,A
7/16/16,16,A
7/17/16,14.5,A
7/18/16,12.4,A
7/19/16,11.1,A
7/20/16,9.79,A
7/21/16,9.61,A
7/22/16,9.12,A
7/23/16,9.02,A
7/24/16,7.95,A
7/25/16,7.68,A
7/26/16,7.13,A
7/27/16,6.7,A
7/28/16,6.48,A
7/29/16,6.64,A
7/30/16,8.56,A
7/31/16,31.9,A
8/1/16,26.5,A
8/2/16,92.7,A
8/3/16,39.7,A
8/4/16,20.2,A
8/5/16,15.1,A
8/6/16,12.8,A
8/7/16,11.4,A
8/8/16,10.2,A
8/9/16,8.88,A
8/10/16,9.83,A
8/11/16,12.8,A
8/12/16,12.3,A
8/13/16,14.2,A
8/14/16,16.4,A
8/15/16,13.3,A
8/16/16,11,A
8/17/16,10.8,A
8/18/16,9.46,A
8/19/16,8.6,A
8/20/16,7.91,A
8/21/16,7.66,A
8/22/16,16.5,A
8/23/16,12.6,A
8/24/16,9.39,A
8/25/16,8.29,A
8/26/16,7.78,A
8/27/16,7.28,A
8/28/16,6.89,A
8/29/16,6.44,A
8/30/16,5.87,A
8/31/16,5.81,A
9/1/16,6.32,A
9/2/16,6.45,A
9/3/16,6.01,A
9/4/16,5.66,A
9/5/16,5.35,A
9/6/16,5.06,A
9/7/16,5.38,A
9/8/16,5.8,A
9/9/16,6.13,A
9/10/16,6.24,A
9/11/16,6.78,A
9/12/16,8.1,A
9/13/16,6.62,A
9/14/16,5.89,A
9/15/16,5.34,A
9/16/16,5,A
9/17/16,4.93,A
9/18/16,5.48,A
9/19/16,24.3,A
9/20/16,17.6,A
9/21/16,11.1,A
9/22/16,8.74,A
9/23/16,7.82,A
9/24/16,7.19,A
9/25/16,6.61,A
9/26/16,6.32,A
9/27/16,10.9,A
9/28/16,10.9,A
9/29/16,8.54,A
9/30/16,7.56,A
10/1/16,9.11,A
10/2/16,9.82,A
10/3/16,9.36,A
10/4/16,8.95,A
10/5/16,8.3,A
10/6/16,7.51,A
10/7/16,7.05,A
10/8/16,6.69,A
10/9/16,7.87,A
10/10/16,8.46,A
10/11/16,7.64,A
10/12/16,6.73,A
10/13/16,6.54,A
10/14/16,6.11,A
10/15/16,6.02,A
10/16/16,6.06,A
10/17/16,6.06,A
10/18/16,6.31,A
10/19/16,11.9,A
10/20/16,16.3,A
10/21/16,17.9,A
10/22/16,19.4,A
10/23/16,20.6,A
10/24/16,19.1,A
10/25/16,18.4,A
10/26/16,17.7,A
10/27/16,20.1,A
10/28/16,46.6,A
10/29/16,41.9,A
10/30/16,30.2,A
10/31/16,24.6,A
11/1/16,21.8,A
11/2/16,20.7,A
11/3/16,24.7,A
11/4/16,24,A
11/5/16,12.9,A
11/6/16,10.2,A
11/7/16,9.28,A
11/8/16,9.06,A
11/9/16,9.17,A
11/10/16,13.2,A
11/11/16,16,A
11/12/16,14,A
11/13/16,14.2,A
11/14/16,14.1,A
11/15/16,28.6,A
11/16/16,50.6,A
11/17/16,35.1,A
11/18/16,29.1,A
11/19/16,26.7,A
11/20/16,39.1,A
11/21/16,38.3,A
11/22/16,29.9,A
11/23/16,19,A
11/24/16,13.7,A
11/25/16,13.2,A
11/26/16,12.9,A
11/27/16,12.5,A
11/28/16,12,A
11/29/16,17.5,A
11/30/16,60.3,A
12/1/16,303,A
12/2/16,80.8,A
12/3/16,43.7,A
12/4/16,31.7,A
12/5/16,27.5,A
12/6/16,24.5,A
12/7/16,24.7,A
12/8/16,27.5,A
12/9/16,23.3,A:e
12/10/16,21.4,A:e
12/11/16,24.9,A:e
12/12/16,26.4,A
12/13/16,21.8,A
12/14/16,18.5,A:e
12/15/16,13.9,A:e
12/16/16,16.2,A:e
12/17/16,18.1,A:e
12/18/16,21.5,A:e
12/19/16,24.7,A:e
12/20/16,25.2,A:e
12/21/16,28.1,A:e
12/22/16,26.2,A
12/23/16,22.8,A
12/24/16,28.8,A
12/25/16,45.4,A:e
12/26/16,34.8,A:e
12/27/16,43.3,A
12/28/16,61.3,A
12/29/16,41.1,A
12/30/16,35.8,A
12/31/16,29.9,A
1/1/17,29.3,A
1/2/17,27.7,A
1/3/17,39.3,A
1/4/17,170,A
1/5/17,75.6,A:e
1/6/17,43.3,A:e
1/7/17,41.2,A:e
1/8/17,51.6,A:e
1/9/17,49.3,A:e
1/10/17,42.8,A:e
1/11/17,51.2,A:e
1/12/17,68.6,A
1/13/17,137,A:e
1/14/17,71.2,A:e
1/15/17,53.3,A:e
1/16/17,49.7,A:e
1/17/17,45.2,A
1/18/17,58.5,A
1/19/17,61.2,A
1/20/17,64.9,A
1/21/17,70.4,A
1/22/17,80,A
1/23/17,80.6,A
1/24/17,79.2,A
1/25/17,91.1,A
1/26/17,80.5,A
1/27/17,86.1,A
1/28/17,70.4,A
1/29/17,59.2,A
1/30/17,52,A
1/31/17,45.4,A
2/1/17,49.1,A
2/2/17,47.1,A:e
2/3/17,44.3,A:e
2/4/17,43.1,A:e
2/5/17,33.5,A:e
2/6/17,31.5,A:e
2/7/17,34.1,A:e
2/8/17,38.2,A:e
2/9/17,39.8,A:e
2/10/17,49,A:e
2/11/17,52,A:e
2/12/17,57.3,A:e
2/13/17,58.2,A:e
2/14/17,47.9,A:e
2/15/17,42.9,A:e
2/16/17,40.3,A:e
2/17/17,39.1,A:e
2/18/17,38.8,A:e
2/19/17,46.4,A
2/20/17,67.8,A
2/21/17,60.6,A
2/22/17,54.5,A
2/23/17,83.4,A
2/24/17,206,A
2/25/17,428,A
2/26/17,588,A
2/27/17,213,A
2/28/17,178,A
3/1/17,218,A
3/2/17,228,A
3/3/17,144,A
3/4/17,101,A
3/5/17,89.6,A
3/6/17,97.1,A
3/7/17,97.1,A
3/8/17,105,A
3/9/17,102,A
3/10/17,84.7,A
3/11/17,67.9,A
3/12/17,62.3,A:e
3/13/17,65.2,A:e
3/14/17,48.6,A:e
3/15/17,55.5,A:e
3/16/17,61.2,A:e
3/17/17,59.5,A:e
3/18/17,68.9,A:e
3/19/17,69.2,A
3/20/17,72.3,A
3/21/17,76.9,A
3/22/17,87.4,A
3/23/17,66.9,A
3/24/17,61,A
3/25/17,60,A
3/26/17,62,A
3/27/17,124,A
3/28/17,170,A
3/29/17,317,A
3/30/17,212,A
3/31/17,204,A
4/1/17,211,A
4/2/17,234,A
4/3/17,287,A
4/4/17,785,A
4/5/17,581,A
4/6/17,525,A
4/7/17,645,A
4/8/17,333,A
4/9/17,250,A
4/10/17,223,A
4/11/17,200,A
4/12/17,174,A
4/13/17,154,A
4/14/17,132,A
4/15/17,126,A
4/16/17,121,A
4/17/17,113,A
4/18/17,93.4,A
4/19/17,84.4,A
4/20/17,88.3,A
4/21/17,179,A
4/22/17,179,A
4/23/17,124,A
4/24/17,102,A
4/25/17,103,A
4/26/17,273,A
4/27/17,183,A
4/28/17,138,A
4/29/17,116,A
4/30/17,105,A
5/1/17,99.5,A
5/2/17,218,A
5/3/17,148,A
5/4/17,113,A
5/5/17,300,A
5/6/17,714,A
5/7/17,320,A
5/8/17,212,A
5/9/17,158,A
5/10/17,136,A
5/11/17,121,A
5/12/17,109,A
5/13/17,115,A
5/14/17,758,A
5/15/17,260,A
5/16/17,174,A
5/17/17,141,A:e
5/18/17,122,A:e
5/19/17,138,A:e
5/20/17,108,A:e
5/21/17,91.5,A:e
5/22/17,89.6,A:e
5/23/17,86.7,A
5/24/17,75.6,A
5/25/17,86.9,A
5/26/17,466,A
5/27/17,226,A
5/28/17,134,A
5/29/17,122,A
5/30/17,140,A
5/31/17,145,A
6/1/17,192,A
6/2/17,117,A
6/3/17,94.8,A
6/4/17,83.8,A
6/5/17,121,A
6/6/17,571,A
6/7/17,425,A
6/8/17,193,A
6/9/17,145,A
6/10/17,117,A
6/11/17,102,A
6/12/17,86.6,A
6/13/17,74.2,A
6/14/17,63.6,A
6/15/17,55.5,A
6/16/17,57.2,A
6/17/17,74.6,A
6/18/17,66.7,A
6/19/17,85.6,A
6/20/17,136,A
6/21/17,85.8,A
6/22/17,68.7,A
6/23/17,48.9,A
6/24/17,47.8,A
6/25/17,46,A
6/26/17,56.1,A
6/27/17,43.2,A
6/28/17,45.2,A
6/29/17,37.4,A
6/30/17,40.5,A
7/1/17,136,A
7/2/17,63.6,A
7/3/17,45.3,A
7/4/17,35.5,A
7/5/17,31,A
7/6/17,28.2,A
7/7/17,28.2,A
7/8/17,31.9,A
7/9/17,28.8,A
7/10/17,24.6,A
7/11/17,25.5,A
7/12/17,68.9,A
7/13/17,115,A
7/14/17,53.9,A
7/15/17,47.5,A
7/16/17,37.2,A
7/17/17,30.1,A
7/18/17,27,A
7/19/17,25.8,A
7/20/17,22.9,A
7/21/17,20.6,A
7/22/17,18.9,A
7/23/17,18.4,A
7/24/17,35.3,A
7/25/17,44.1,A
7/26/17,30.6,A
7/27/17,25.9,A
7/28/17,28.6,A
7/29/17,23.6,A
7/30/17,19.9,A
7/31/17,18,A
8/1/17,16.8,A
8/2/17,16.2,A
8/3/17,16.3,A
8/4/17,16,A
8/5/17,19.6,A
8/6/17,19.7,A
8/7/17,16.5,A
8/8/17,17.8,A
8/9/17,16.9,A
8/10/17,15.1,A
8/11/17,14.6,A
8/12/17,17.2,A
8/13/17,17.3,A
8/14/17,15,A
8/15/17,14.8,A
8/16/17,17.2,A
8/17/17,14,A
8/18/17,17.2,A
8/19/17,22,A
8/20/17,16.5,A
8/21/17,13.8,A
8/22/17,14.3,A
8/23/17,26.1,A
8/24/17,19,A
8/25/17,13.9,A
8/26/17,12.2,A
8/27/17,11.4,A
8/28/17,10.6,A
8/29/17,10.5,A
8/30/17,10.7,A
8/31/17,10.3,A
9/1/17,9.66,A
9/2/17,9.12,A
9/3/17,30.1,A
9/4/17,46.6,A
9/5/17,22.9,A
9/6/17,36.9,A
9/7/17,51.3,A
9/8/17,32.2,A
9/9/17,22.4,A
9/10/17,18,A
9/11/17,15.3,A
9/12/17,13.6,A
9/13/17,12.7,A
9/14/17,11.6,A
9/15/17,11.1,A
9/16/17,10.7,A
9/17/17,10.2,A
9/18/17,9.86,A
9/19/17,9.75,A
9/20/17,9.59,A
9/21/17,9.51,A
9/22/17,8.77,A
9/23/17,8.08,A
9/24/17,7.86,A
9/25/17,7.89,A
9/26/17,7.65,A
9/27/17,7.62,A
9/28/17,7.36,A
9/29/17,6.72,A
9/30/17,8.2,A
10/1/17,11.1,A
10/2/17,9.59,A
10/3/17,8.55,A
10/4/17,8.29,A
10/5/17,8.43,A
10/6/17,7.97,A
10/7/17,8.1,A
10/8/17,10.1,A
10/9/17,23.4,A
10/10/17,32,A
10/11/17,17.8,A
10/12/17,13.5,A
10/13/17,12,A
10/14/17,10.7,A
10/15/17,10.8,A
10/16/17,12.8,A
10/17/17,10.8,A
10/18/17,10.1,A
10/19/17,9.73,A
10/20/17,9.36,A
10/21/17,8.96,A
10/22/17,9.14,A
10/23/17,8.9,A
10/24/17,35.6,A
10/25/17,169,A
10/26/17,63.9,A
10/27/17,44.5,A
10/28/17,29.9,A
10/29/17,180,A
10/30/17,1350,A
10/31/17,184,A
11/1/17,93.1,A
11/2/17,70.2,A
11/3/17,60.5,A
11/4/17,61.7,A
11/5/17,53.6,A
11/6/17,55.3,A
11/7/17,51.3,A
11/8/17,45.9,A
11/9/17,42.3,A
11/10/17,41.1,A
11/11/17,36.9,A
11/12/17,36.5,A
11/13/17,35.9,A
11/14/17,35,A
11/15/17,33,A
11/16/17,36.2,A
11/17/17,44.5,A
11/18/17,35.7,A
11/19/17,49.4,A
11/20/17,44.2,A
11/21/17,37.2,A
11/22/17,35.7,A
11/23/17,35.4,A
11/24/17,32.4,A
11/25/17,31.3,A
11/26/17,30.7,A
11/27/17,29.1,A
11/28/17,27.6,A
11/29/17,27.7,A
11/30/17,27.2,A
12/1/17,29.3,A
12/2/17,28.6,A
12/3/17,27.6,A
12/4/17,26.9,A
12/5/17,28.3,A
12/6/17,68,A
12/7/17,48.8,A
12/8/17,38.3,A
12/9/17,34.8,A
12/10/17,34.7,A
12/11/17,32.2,A
12/12/17,31.3,A:e
12/13/17,29.9,A:e
12/14/17,28.1,A:e
12/15/17,26.9,A:e
12/16/17,26.1,A:e
12/17/17,26.2,A:e
12/18/17,26.3,A:e
12/19/17,26.4,A:e
12/20/17,26.4,A:e
12/21/17,25.9,A:e
12/22/17,25.7,A:e
12/23/17,27.7,A:e
12/24/17,29.8,A:e
12/25/17,31.2,A:e
12/26/17,32.5,A:e
12/27/17,33.6,A:e
12/28/17,34.9,A:e
12/29/17,36.5,A:e
12/30/17,38.8,A:e
12/31/17,41,A:e
1/1/18,41.6,A:e
1/2/18,41.8,A:e
1/3/18,42.3,A:e
1/4/18,43.5,A:e
1/5/18,43.9,A:e
1/6/18,44.1,A:e
1/7/18,45.2,A:e
1/8/18,45.7,A:e
1/9/18,46,A:e
1/10/18,49.3,A:e
1/11/18,54.9,A:e
1/12/18,60.2,A:e
1/13/18,62.2,A:e
1/14/18,63.6,A:e
1/15/18,65.2,A:e
1/16/18,65.9,A:e
1/17/18,66.6,A:e
1/18/18,67.4,A:e
1/19/18,67.7,A:e
1/20/18,72,A:e
1/21/18,69.8,A
1/22/18,68.6,A
1/23/18,213,A
1/24/18,279,A:e
1/25/18,154,A:e
1/26/18,132,A:e
1/27/18,113,A:e
1/28/18,112,A
1/29/18,114,A
1/30/18,102,A
1/31/18,98.4,A
2/1/18,83.5,A
2/2/18,79.7,A
2/3/18,69.1,A:e
2/4/18,82.2,A:e
2/5/18,187,A:e
2/6/18,109,A:e
2/7/18,86.1,A:e
2/8/18,79.8,A:e
2/9/18,90.6,A:e
2/10/18,80,A
2/11/18,253,A
2/12/18,375,A
2/13/18,178,A
2/14/18,141,A
2/15/18,139,A
2/16/18,189,A
2/17/18,171,A
2/18/18,138,A
2/19/18,126,A
2/20/18,241,A
2/21/18,338,A
2/22/18,307,A
2/23/18,209,A
2/24/18,294,A
2/25/18,396,A
2/26/18,347,A
2/27/18,247,A
2/28/18,212,A
3/1/18,200,A
3/2/18,442,A
3/3/18,402,A
3/4/18,261,A
3/5/18,213,A
3/6/18,188,A
3/7/18,178,A
3/8/18,173,A
3/9/18,158,A
3/10/18,146,A
3/11/18,139,A
3/12/18,137,A
3/13/18,139,A
3/14/18,135,A
3/15/18,129,A
3/16/18,120,A
3/17/18,107,A:e
3/18/18,93.6,A:e
3/19/18,92.8,A:e
3/20/18,90.8,A:e
3/21/18,91.4,A:e
3/22/18,93.2,A
3/23/18,102,A
3/24/18,98.9,A
3/25/18,98.5,A
3/26/18,91.6,A
3/27/18,91.7,A
3/28/18,98.8,A
3/29/18,116,A
3/30/18,141,A
3/31/18,129,A
4/1/18,111,A
4/2/18,103,A
4/3/18,117,A
4/4/18,194,A
4/5/18,155,A
4/6/18,120,A:e
4/7/18,146,A
4/8/18,131,A
4/9/18,111,A
4/10/18,104,A
4/11/18,101,A
4/12/18,96.5,A
4/13/18,101,A
4/14/18,92.4,A
4/15/18,82.4,A
4/16/18,424,A
4/17/18,490,A
4/18/18,277,A
4/19/18,222,A
4/20/18,185,A
4/21/18,153,A
4/22/18,134,A
4/23/18,123,A
4/24/18,114,A
4/25/18,210,A
4/26/18,351,A
4/27/18,194,A
4/28/18,173,A
4/29/18,186,A
4/30/18,166,A
5/1/18,139,A
5/2/18,124,A
5/3/18,113,A
5/4/18,111,A
5/5/18,102,A
5/6/18,95.8,A
5/7/18,97,A
5/8/18,86,A
5/9/18,79.7,A
5/10/18,74.3,A
5/11/18,70.5,A
5/12/18,67.2,A
5/13/18,77.9,A
5/14/18,68.6,A
5/15/18,69.1,A
5/16/18,83.1,A
5/17/18,67.5,A
5/18/18,57.9,A
5/19/18,58.8,A
5/20/18,93,A
5/21/18,67.6,A
5/22/18,54.6,A
5/23/18,53.8,A
5/24/18,46.1,A
5/25/18,40.8,A
5/26/18,37.4,A
5/27/18,36.7,A
5/28/18,43.4,A
5/29/18,41.2,A
5/30/18,35.1,A
5/31/18,31.7,A
6/1/18,31.8,A
6/2/18,33.1,A
6/3/18,29.2,A
6/4/18,95.1,A
6/5/18,77.4,A
6/6/18,56.1,A
6/7/18,41.2,A
6/8/18,36.6,A
6/9/18,32.2,A
6/10/18,28.5,A
6/11/18,27.7,A
6/12/18,24.9,A
6/13/18,23.4,A
6/14/18,24.2,A
6/15/18,23.2,A
6/16/18,21.8,A
6/17/18,20.2,A
6/18/18,21,A
6/19/18,46.7,A
6/20/18,28.8,A
6/21/18,23,A
6/22/18,20.3,A
6/23/18,19,A
6/24/18,24.4,A
6/25/18,42,A
6/26/18,29.2,A
6/27/18,23.9,A
6/28/18,456,A
6/29/18,176,A
6/30/18,73.4,A
7/1/18,48.9,A
7/2/18,38.4,A
7/3/18,33.2,A
7/4/18,29.8,A
7/5/18,26.4,A
7/6/18,41.3,A
7/7/18,40.3,A
7/8/18,28.2,A
7/9/18,24.4,A
7/10/18,22.7,A
7/11/18,21.1,A
7/12/18,19.3,A
7/13/18,18,A
7/14/18,17.7,A
7/15/18,20.4,A
7/16/18,18.8,A
7/17/18,34.2,A
7/18/18,36,A
7/19/18,24.3,A
7/20/18,19.5,A
7/21/18,17.9,A
7/22/18,33.1,A
7/23/18,540,A
7/24/18,236,A
7/25/18,166,A
7/26/18,675,A
7/27/18,167,A
7/28/18,157,A
7/29/18,93.2,A
7/30/18,67.5,A
7/31/18,56.4,A
8/1/18,62.4,A
8/2/18,83,A
8/3/18,150,A
8/4/18,244,A
8/5/18,129,A
8/6/18,82.3,A
8/7/18,69.2,A
8/8/18,128,A
8/9/18,225,A
8/10/18,100,A
8/11/18,125,A
8/12/18,428,A
8/13/18,171,A
8/14/18,300,A
8/15/18,205,A
8/16/18,126,A
8/17/18,105,A
8/18/18,581,A
8/19/18,256,A
8/20/18,146,A
8/21/18,117,A
8/22/18,282,A
8/23/18,173,A
8/24/18,116,A
8/25/18,96.3,A
8/26/18,86.6,A
8/27/18,80.2,A
8/28/18,72.4,A
8/29/18,64.5,A
8/30/18,57.5,A
8/31/18,52,A
9/1/18,49.5,A
9/2/18,47.5,A
9/3/18,46,A
9/4/18,43.4,A
9/5/18,40.2,A
9/6/18,39.2,A
9/7/18,40.1,A
9/8/18,38,A
9/9/18,35.8,A
9/10/18,53.5,A
9/11/18,218,A
9/12/18,385,A
9/13/18,235,A
9/14/18,128,A
9/15/18,95.8,A
9/16/18,77.5,A
9/17/18,66.6,A
9/18/18,880,A
9/19/18,314,A
9/20/18,176,A
9/21/18,142,A
9/22/18,142,A
9/23/18,110,A
9/24/18,97.2,A
9/25/18,529,A
9/26/18,546,A
9/27/18,687,A
9/28/18,353,A
9/29/18,257,A
9/30/18,186,A
10/1/18,157,A
10/2/18,242,A
10/3/18,380,A
10/4/18,211,A
10/5/18,162,A
10/6/18,137,A
10/7/18,130,A
10/8/18,123,A
10/9/18,124,A
10/10/18,114,A
10/11/18,293,A
10/12/18,302,A
10/13/18,166,A
10/14/18,141,A
10/15/18,130,A
10/16/18,151,A
10/17/18,121,A
10/18/18,109,A
10/19/18,98.3,A
10/20/18,96.1,A
10/21/18,92.1,A
10/22/18,82.7,A
10/23/18,80.8,A
10/24/18,81.3,A
10/25/18,76.3,A
10/26/18,72.3,A
10/27/18,168,A
10/28/18,210,A
10/29/18,183,A
10/30/18,149,A
10/31/18,113,A
11/1/18,106,A
11/2/18,284,A
11/3/18,1230,A
11/4/18,362,A
11/5/18,240,A
11/6/18,412,A
11/7/18,362,A
11/8/18,231,A
11/9/18,212,A
11/10/18,397,A
11/11/18,232,A
11/12/18,189,A
11/13/18,396,A
11/14/18,289,A
11/15/18,202,A
11/16/18,207,A
11/17/18,204,A
11/18/18,196,A
11/19/18,196,A
11/20/18,243,A
11/21/18,206,A
11/22/18,152,A
11/23/18,136,A
11/24/18,134,A
11/25/18,177,A
11/26/18,248,A
11/27/18,671,A
11/28/18,335,A
11/29/18,237,A
11/30/18,199,A
12/1/18,179,A
12/2/18,366,A
12/3/18,329,A
12/4/18,252,A
12/5/18,194,A
12/6/18,172,A
12/7/18,157,A
12/8/18,134,A
12/9/18,126,A
12/10/18,121,A
12/11/18,112,A:e
12/12/18,110,A
12/13/18,101,A
12/14/18,102,A
12/15/18,109,A
12/16/18,116,A
12/17/18,185,A
12/18/18,128,A
12/19/18,102,A
12/20/18,97.1,A
12/21/18,1080,A
12/22/18,444,A
12/23/18,138,A
12/24/18,91.2,A
12/25/18,71.9,A
12/26/18,55.8,A
12/27/18,49.8,A
12/28/18,79.3,A
12/29/18,84.7,A
12/30/18,53.1,A
12/31/18,45.6,A
1/1/19,220,A
1/2/19,80.5,A
1/3/19,58.2,A
1/4/19,50.4,A
1/5/19,81.3,A
1/6/19,73.9,A
1/7/19,44,A
1/8/19,39.6,A
1/9/19,77.7,A
1/10/19,53.1,A
1/11/19,32,A:e
1/12/19,25,A:e
1/13/19,22.1,A:e
1/14/19,21,A:e
1/15/19,18.8,A:e
1/16/19,17.5,A:e
1/17/19,16.9,A:e
1/18/19,15.7,A
1/19/19,16.1,A
1/20/19,16.6,A:e
1/21/19,18.5,A:e
1/22/19,23.1,A:e
1/23/19,29.1,A:e
1/24/19,238,A:e
1/25/19,194,A
1/26/19,64,A:e
1/27/19,42.3,A:e
1/28/19,37.3,A:e
1/29/19,31.8,A:e
1/30/19,25.8,A:e
1/31/19,20.8,A:e
2/1/19,21.5,A:e
2/2/19,22.6,A:e
2/3/19,24.5,A:e
2/4/19,28.2,A:e
2/5/19,33.3,A:e
2/6/19,38.2,A:e
2/7/19,44.2,A:e
2/8/19,52.2,A:e
2/9/19,64.6,A:e
2/10/19,90.9,A:e
2/11/19,122,A:e
2/12/19,140,A:e
2/13/19,150,A:e
2/14/19,127,A
2/15/19,116,A
2/16/19,117,A
2/17/19,106,A
2/18/19,103,A
2/19/19,96.8,A:e
2/20/19,113,A:e
2/21/19,102,A
2/22/19,98.7,A
2/23/19,91.3,A
2/24/19,150,A
2/25/19,168,A
2/26/19,109,A:e
2/27/19,120,A:e
2/28/19,108,A:e
3/1/19,103,A:e
3/2/19,95.2,A
3/3/19,92.8,A
3/4/19,98.3,A
3/5/19,90.7,A:e
3/6/19,87.9,A
3/7/19,88.9,A:e
3/8/19,91.4,A:e
3/9/19,87,A:e
3/10/19,81.3,A
3/11/19,87.8,A
3/12/19,92,A
3/13/19,85.7,A
3/14/19,99.3,A
3/15/19,196,A
3/16/19,256,A
3/17/19,174,A
3/18/19,137,A
3/19/19,125,A
3/20/19,128,A
3/21/19,142,A
3/22/19,294,A
3/23/19,228,A
3/24/19,171,A
3/25/19,182,A
3/26/19,168,A
3/27/19,149,A
3/28/19,151,A
3/29/19,195,A
3/30/19,243,A
3/31/19,343,A
4/1/19,252,A
4/2/19,184,A
4/3/19,184,A
4/4/19,175,A
4/5/19,148,A
4/6/19,179,A
4/7/19,180,A
4/8/19,359,A
4/9/19,275,A
4/10/19,262,A
4/11/19,185,A
4/12/19,164,A
4/13/19,321,A
4/14/19,219,A
4/15/19,332,A
4/16/19,233,A
4/17/19,172,A
4/18/19,156,A
4/19/19,154,A
4/20/19,454,A
4/21/19,328,A
4/22/19,239,A
4/23/19,320,A
4/24/19,257,A
4/25/19,193,A
4/26/19,301,A
4/27/19,932,A
4/28/19,337,A
4/29/19,246,A
4/30/19,249,A
5/1/19,206,A
5/2/19,189,A
5/3/19,228,A
5/4/19,259,A
5/5/19,221,A
5/6/19,191,A
5/7/19,157,A
5/8/19,141,A
5/9/19,125,A
5/10/19,120,A
5/11/19,125,A
5/12/19,166,A
5/13/19,206,A
5/14/19,249,A
5/15/19,161,A
5/16/19,132,A
5/17/19,123,A
5/18/19,118,A
5/19/19,102,A
5/20/19,115,A
5/21/19,99.8,A
5/22/19,84,A
5/23/19,79.2,A
5/24/19,134,A
5/25/19,93,A
5/26/19,85.2,A
5/27/19,72.8,A
5/28/19,78,A
5/29/19,107,A
5/30/19,84.8,A
5/31/19,83.4,A
6/1/19,69.2,A
6/2/19,61.7,A
6/3/19,70,A
6/4/19,56.8,A
6/5/19,51.2,A
6/6/19,78.1,A
6/7/19,60,A
6/8/19,48.3,A
6/9/19,42.3,A
6/10/19,42,A
6/11/19,118,A
6/12/19,66.6,A
6/13/19,53.3,A
6/14/19,57.8,A
6/15/19,47.4,A
6/16/19,56.6,A
6/17/19,90.7,A
6/18/19,58.6,A
6/19/19,57.2,A
6/20/19,52,A
6/21/19,56.1,A
6/22/19,47.7,A
6/23/19,38.2,A
6/24/19,33,A
6/25/19,48.2,A
6/26/19,77,A
6/27/19,50.8,A
6/28/19,37.9,A
6/29/19,32,A
6/30/19,30.5,A
7/1/19,28.8,A
7/2/19,25.4,A
7/3/19,24,A
7/4/19,22.3,A
7/5/19,20.7,A
7/6/19,19.9,A
7/7/19,20.8,A
7/8/19,18.3,A
7/9/19,16.8,A
7/10/19,16.9,A
7/11/19,15.5,A
7/12/19,15.5,A
7/13/19,14.3,A
7/14/19,13.1,A
7/15/19,11.9,A
7/16/19,11.3,A
7/17/19,14.4,A
7/18/19,17.7,A
7/19/19,15.8,A
7/20/19,13.7,A
7/21/19,11.9,A
7/22/19,22.2,A
7/23/19,124,A
7/24/19,50.9,A
7/25/19,28.1,A
7/26/19,20.9,A
7/27/19,24.5,A
7/28/19,26.5,A
7/29/19,18.7,A
7/30/19,15.8,A
7/31/19,14.6,A
8/1/19,13.4,A
8/2/19,11.9,A
8/3/19,14.1,A
8/4/19,15.3,A
8/5/19,12.4,A
8/6/19,10.9,A
8/7/19,14.5,A
8/8/19,25.8,A
8/9/19,16.9,A
8/10/19,12.6,A
8/11/19,11.1,A
8/12/19,10.7,A
8/13/19,10.7,A
8/14/19,10.3,A
8/15/19,9.49,A
8/16/19,8.9,A
8/17/19,13.6,A
8/18/19,32.9,A
8/19/19,16.9,A
8/20/19,12.8,A
8/21/19,13.7,A
8/22/19,17.6,A
8/23/19,13.4,A
8/24/19,11.1,A
8/25/19,9.98,A
8/26/19,9.19,A
8/27/19,8.73,A
8/28/19,12.4,A
8/29/19,31,A
8/30/19,15.9,A
8/31/19,11.7,A
9/1/19,10.1,A
9/2/19,10.3,A
9/3/19,11.1,A
9/4/19,11,A
9/5/19,11.4,A
9/6/19,10.4,A
9/7/19,15.1,A
9/8/19,13.7,A
9/9/19,10.4,A
9/10/19,9.47,A
9/11/19,9.31,A
9/12/19,9.6,A
9/13/19,10.3,A
9/14/19,9.67,A
9/15/19,10.1,A
9/16/19,9.29,A
9/17/19,8.32,A
9/18/19,7.77,A
9/19/19,7.41,A
9/20/19,7.13,A
9/21/19,7.07,A
9/22/19,6.81,A
9/23/19,6.49,A
9/24/19,7.24,A
9/25/19,7.55,A
9/26/19,7.45,A
9/27/19,8.06,A
9/28/19,7.87,A
9/29/19,7.12,A
9/30/19,6.53,A
10/1/19,6.71,A
10/2/19,7.31,A
10/3/19,7.73,A
10/4/19,9.11,A
10/5/19,9.13,A
10/6/19,8.54,A
10/7/19,9.02,A
10/8/19,17.5,A
10/9/19,14.8,A
10/10/19,11.7,A
10/11/19,10.2,A
10/12/19,9.73,A
10/13/19,9.41,A
10/14/19,9.13,A
10/15/19,8.76,A
10/16/19,11.7,A
10/17/19,241,A
10/18/19,70.9,A
10/19/19,38.4,A
10/20/19,27.9,A
10/21/19,23.4,A
10/22/19,23,A
10/23/19,56.9,A
10/24/19,41.2,A
10/25/19,29.7,A
10/26/19,38.4,A
10/27/19,86.2,A
10/28/19,109,A
10/29/19,58.8,A
10/30/19,48.5,A
10/31/19,62.5,A
11/1/19,117,A
11/2/19,67.5,A
11/3/19,49.4,A
11/4/19,41.9,A
11/5/19,40.5,A
11/6/19,51.5,A
11/7/19,48,A
11/8/19,54,A
11/9/19,46.3,A
11/10/19,42,A
11/11/19,39.3,A
11/12/19,37.4,A
11/13/19,33.5,A
11/14/19,30.4,A
11/15/19,31,A
11/16/19,30.8,A
11/17/19,28.7,A
11/18/19,29.5,A
11/19/19,49.9,A
11/20/19,56.5,A
11/21/19,42.7,A
11/22/19,37.8,A
11/23/19,36.5,A
11/24/19,94.7,A
11/25/19,136,A
11/26/19,72.5,A
11/27/19,57.2,A
11/28/19,60.9,A
11/29/19,50.9,A
11/30/19,44.8,A
12/1/19,38.8,A
12/2/19,43.8,A
12/3/19,49.3,A
12/4/19,49.2,A
12/5/19,47.5,A
12/6/19,45.3,A
12/7/19,45.6,A
12/8/19,47.5,A:e
12/9/19,70.8,A
12/10/19,231,A
12/11/19,178,A
12/12/19,106,A
12/13/19,87.2,A
12/14/19,601,A
12/15/19,373,A
12/16/19,197,A
12/17/19,154,A
12/18/19,135,A
12/19/19,103,A:e
12/20/19,95.7,A:e
12/21/19,95.4,A:e
12/22/19,91.5,A:e
12/23/19,91,A:e
12/24/19,99.7,A
12/25/19,86.7,A
12/26/19,78.1,A
12/27/19,77.4,A
12/28/19,88.9,A
12/29/19,86.9,A
12/30/19,208,A
12/31/19,155,A
1/1/20,131,A
1/2/20,109,A
1/3/20,100,A
1/4/20,134,A
1/5/20,161,A
1/6/20,119,A
1/7/20,102,A
1/8/20,94,A
1/9/20,77.1,A
1/10/20,80.3,A
1/11/20,106,A
1/12/20,311,A
1/13/20,199,A
1/14/20,142,A
1/15/20,131,A
1/16/20,133,A
1/17/20,99.3,A:e
1/18/20,101,A:e
1/19/20,109,A:e
1/20/20,101,A:e
1/21/20,94.2,A:e
1/22/20,92,A:e
1/23/20,86.4,A:e
1/24/20,83,A:e
1/25/20,110,A:e
1/26/20,319,A:e
1/27/20,190,A
1/28/20,150,A
1/29/20,125,A
1/30/20,97.3,A
1/31/20,97.1,A:e
2/1/20,100,A
2/2/20,98.3,A
2/3/20,93.9,A
2/4/20,90.8,A
2/5/20,94,A
2/6/20,95.3,A
2/7/20,154,A
2/8/20,141,A:e
2/9/20,90.8,A:e
2/10/20,105,A:e
2/11/20,113,A
2/12/20,116,A
2/13/20,133,A
2/14/20,123,A:e
2/15/20,84,A:e
2/16/20,92.9,A:e
2/17/20,87.9,A
2/18/20,86,A
2/19/20,116,A
2/20/20,84.5,A:e
2/21/20,79.9,A:e
2/22/20,87.4,A:e
2/23/20,75.7,A
2/24/20,79.3,A
2/25/20,100,A
2/26/20,142,A
2/27/20,541,A
2/28/20,227,A
2/29/20,136,A:e
3/1/20,128,A:e
3/2/20,123,A:e
3/3/20,140,A
3/4/20,203,A
3/5/20,152,A
3/6/20,129,A
3/7/20,122,A
3/8/20,107,A
3/9/20,112,A
3/10/20,122,A
3/11/20,124,A
3/12/20,111,A
3/13/20,177,A
3/14/20,162,A
3/15/20,124,A
3/16/20,105,A
3/17/20,107,A
3/18/20,106,A
3/19/20,216,A
3/20/20,188,A
3/21/20,147,A
3/22/20,116,A
3/23/20,115,A
3/24/20,140,A
3/25/20,149,A
3/26/20,156,A
3/27/20,221,A
3/28/20,204,A
3/29/20,443,A
3/30/20,364,A
3/31/20,242,A
4/1/20,192,A
4/2/20,170,A
4/3/20,206,A
4/4/20,185,A
4/5/20,157,A
4/6/20,141,A
4/7/20,128,A
4/8/20,131,A
4/9/20,182,A
4/10/20,198,A
4/11/20,145,A
4/12/20,121,A
4/13/20,378,A
4/14/20,389,A
4/15/20,207,A
4/16/20,170,A
4/17/20,150,A
4/18/20,189,A
4/19/20,191,A
4/20/20,166,A
4/21/20,170,A
4/22/20,182,A
4/23/20,139,A
4/24/20,137,A
4/25/20,129,A
4/26/20,119,A
4/27/20,177,A
4/28/20,177,A
4/29/20,135,A
4/30/20,199,A
5/1/20,916,A
5/2/20,553,A
5/3/20,280,A
5/4/20,215,A
5/5/20,179,A
5/6/20,159,A
5/7/20,147,A
5/8/20,135,A
5/9/20,135,A
5/10/20,117,A
5/11/20,114,A
5/12/20,115,A
5/13/20,100,A
5/14/20,91.5,A
5/15/20,91.9,A
5/16/20,116,A
5/17/20,89.6,A
5/18/20,82.4,A
5/19/20,76.3,A
5/20/20,68.6,A
5/21/20,63.8,A
5/22/20,60.9,A
5/23/20,57,A
5/24/20,50.6,A
5/25/20,48.6,A
5/26/20,50.3,A
5/27/20,46.7,A
5/28/20,43.8,A
5/29/20,47,A
5/30/20,44.4,A
5/31/20,38.5,A
6/1/20,35,A
6/2/20,34.1,A
6/3/20,33.7,A
6/4/20,31.9,A
6/5/20,30.1,A
6/6/20,36.3,A
6/7/20,31.7,A
6/8/20,27.7,A
6/9/20,24.5,A
6/10/20,23,A
6/11/20,26.9,A
6/12/20,34.9,A
6/13/20,25.1,A
6/14/20,21.6,A
6/15/20,20.1,A
6/16/20,18.9,A
6/17/20,17.8,A
6/18/20,16.8,A
6/19/20,16.4,A
6/20/20,15.5,A
6/21/20,15.4,A
6/22/20,14.8,A
6/23/20,14,A
6/24/20,13.2,A
6/25/20,12.4,A
6/26/20,11.6,A
6/27/20,11.9,A
6/28/20,18.2,A
6/29/20,27.2,A
6/30/20,35.1,A
7/1/20,27.6,A
7/2/20,23.3,A
7/3/20,61.6,A
7/4/20,77.4,A
7/5/20,33.4,A
7/6/20,23.5,A
7/7/20,19.4,A
7/8/20,18.4,A
7/9/20,23.4,A
7/10/20,80.4,A
7/11/20,73.3,A
7/12/20,44.9,A
7/13/20,27.6,A
7/14/20,23.8,A
7/15/20,25,A
7/16/20,19.4,A
7/17/20,31.8,A
7/18/20,30,A
7/19/20,21.4,A
7/20/20,17.1,A
7/21/20,14.7,A
7/22/20,44.2,A
7/23/20,148,A
7/24/20,58.2,A
7/25/20,30.5,A
7/26/20,22.2,A
7/27/20,18.1,A
7/28/20,15.9,A
7/29/20,14,A
7/30/20,12.7,A
7/31/20,12.7,A
8/1/20,11.1,A
8/2/20,14.4,A
8/3/20,15.2,A
8/4/20,16.3,A
8/5/20,36.7,A
8/6/20,20,A
8/7/20,15.1,A
8/8/20,13.2,A
8/9/20,11.8,A
8/10/20,10.8,A
8/11/20,9.94,A
8/12/20,9.86,A
8/13/20,9.16,A
8/14/20,8.72,A
8/15/20,8.12,A
8/16/20,8.21,A
8/17/20,8.91,A
8/18/20,9,A
8/19/20,8.15,A
8/20/20,8.05,A
8/21/20,7.48,A
8/22/20,6.99,A
8/23/20,6.69,A
8/24/20,6.59,A
8/25/20,6.45,A
8/26/20,6.12,A
8/27/20,7.81,A
8/28/20,12.9,A
8/29/20,15.3,A
8/30/20,18.9,A
8/31/20,11.6,A
9/1/20,9.35,A
9/2/20,10.1,A
9/3/20,24.9,A
9/4/20,16.1,A
9/5/20,10.9,A
9/6/20,9.11,A
9/7/20,8.21,A
9/8/20,7.67,A
9/9/20,7.64,A
9/10/20,21.4,A
9/11/20,30,A
9/12/20,16.1,A
9/13/20,12.1,A
9/14/20,10.5,A
9/15/20,9.82,A
9/16/20,8.9,A
9/17/20,8.38,A
9/18/20,8.2,A
9/19/20,7.63,A
9/20/20,7.42,A
9/21/20,7.18,A
9/22/20,7.1,A
9/23/20,7.15,A
9/24/20,7.16,A
9/25/20,7,A
9/26/20,7.06,A
9/27/20,7.03,A
9/28/20,8.13,A
9/29/20,9.65,A
9/30/20,92.1,A
10/1/20,37.1,A
10/2/20,20.7,A
10/3/20,17.8,A
10/4/20,15,A
10/5/20,13.5,A
10/6/20,12.7,A
10/7/20,12.1,A
10/8/20,12,A
10/9/20,13.2,A
10/10/20,11.5,A
10/11/20,11,A
10/12/20,10.7,A
10/13/20,59,A
10/14/20,60.7,A
10/15/20,29,A
10/16/20,29.3,A
10/17/20,158,A
10/18/20,62.5,A
10/19/20,38.2,A
10/20/20,30.8,A
10/21/20,33.9,A
10/22/20,36.1,A
10/23/20,30.1,A
10/24/20,25.1,A
10/25/20,23,A
10/26/20,23.4,A
10/27/20,26,A
10/28/20,36.1,A
10/29/20,61.8,A
10/30/20,126,A
10/31/20,71.3,A
11/1/20,57.6,A
11/2/20,87.5,A
11/3/20,66.5,A
11/4/20,56.4,A
11/5/20,50.6,A
11/6/20,46.1,A
11/7/20,42.3,A
11/8/20,38.4,A
11/9/20,35.2,A
11/10/20,33.1,A
11/11/20,32.2,A
11/12/20,33.5,A
11/13/20,33.8,A
11/14/20,36.1,A
11/15/20,35.8,A
11/16/20,101,A
11/17/20,56.4,A
11/18/20,42.4,A
11/19/20,35.7,A
11/20/20,34.4,A
11/21/20,33.2,A
11/22/20,30.9,A
11/23/20,55,A
11/24/20,57,A
11/25/20,42.1,A
11/26/20,119,A
11/27/20,105,A
11/28/20,67.6,A
11/29/20,53.7,A
11/30/20,456,A
12/1/20,733,A
12/2/20,192,A
12/3/20,135,A
12/4/20,114,A
12/5/20,212,A
12/6/20,217,A
12/7/20,134,A
12/8/20,114,A
12/9/20,102,A
12/10/20,95.8,A
12/11/20,90,A
12/12/20,87.8,A
12/13/20,105,A
12/14/20,96.4,A
12/15/20,86.5,A
12/16/20,69,A
12/17/20,60.2,A
12/18/20,85.3,A:e
12/19/20,79.5,A:e
12/20/20,74.5,A
12/21/20,75.4,A
12/22/20,75.1,A
12/23/20,71.5,A
12/24/20,74.7,A
12/25/20,1660,A
12/26/20,541,A
12/27/20,259,A
12/28/20,198,A
12/29/20,169,A
12/30/20,135,A
12/31/20,167,A
1/1/21,136,A
1/2/21,227,A
1/3/21,182,A
1/4/21,144,A
1/5/21,129,A
1/6/21,121,A
1/7/21,109,A
1/8/21,98.2,A
1/9/21,91.3,A
1/10/21,87.3,A:e
1/11/21,83.7,A:e
1/12/21,81.6,A:e
1/13/21,82.7,A:e
1/14/21,79,A
1/15/21,76.5,A
1/16/21,246,A
1/17/21,192,A
1/18/21,127,A
1/19/21,107,A
1/20/21,96.9,A
1/21/21,72,A:e
1/22/21,66.5,A:e
1/23/21,64.8,A:e
1/24/21,64.6,A:e
1/25/21,68.1,A:e
1/26/21,73.1,A:e
1/27/21,74.3,A:e
1/28/21,68.9,A:e
1/29/21,63.3,A:e
1/30/21,60.7,A:e
1/31/21,59.8,A:e
2/1/21,65.2,A:e
2/2/21,76.5,A:e
2/3/21,78.8,A:e
2/4/21,77.8,A:e
2/5/21,74.3,A:e
2/6/21,68.7,A:e
2/7/21,63.8,A:e
2/8/21,61.8,A:e
2/9/21,59.9,A:e
2/10/21,58.4,A:e
2/11/21,57.4,A:e
2/12/21,57.2,A:e
2/13/21,57.3,A:e
2/14/21,60.6,A:e
2/15/21,68.6,A:e
2/16/21,93.2,A:e
2/17/21,123,A:e
2/18/21,126,A:e
2/19/21,118,A:e
2/20/21,106,A:e
2/21/21,97.2,A:e
2/22/21,93.9,A:e
2/23/21,90.7,A:e
2/24/21,86.5,A:e
2/25/21,81.9,A:e
2/26/21,70.6,A:e
2/27/21,72.5,A
2/28/21,83.7,A
3/1/21,106,A
3/2/21,94.9,A:e
3/3/21,84.1,A:e
3/4/21,75.1,A
3/5/21,66.9,A:e
3/6/21,61.2,A:e
3/7/21,58.1,A:e
3/8/21,55,A:e
3/9/21,62.5,A
3/10/21,77.6,A
3/11/21,102,A
3/12/21,172,A
3/13/21,143,A
3/14/21,103,A
3/15/21,78.8,A:e
3/16/21,74.1,A:e
3/17/21,76.7,A
3/18/21,109,A
3/19/21,170,A
3/20/21,104,A
3/21/21,101,A
3/22/21,105,A
3/23/21,103,A
3/24/21,99.3,A
3/25/21,130,A
3/26/21,124,A
3/27/21,103,A
3/28/21,187,A
3/29/21,257,A
3/30/21,136,A
3/31/21,115,A
4/1/21,120,A
4/2/21,103,A
4/3/21,94,A
4/4/21,89.3,A
4/5/21,84.5,A
4/6/21,77.8,A
4/7/21,73.7,A
4/8/21,70.1,A
4/9/21,65.6,P
4/10/21,63.3,P
4/11/21,60.6,P
4/12/21,60.4,P
4/13/21,59.5,P
4/14/21,55.6,P
4/15/21,117,P
4/16/21,445,P
4/17/21,266,P
4/18/21,164,P
4/19/21,128,P
4/20/21,135,P
4/21/21,125,P
4/22/21,137,P
4/23/21,106,P
4/24/21,94.2,P
4/25/21,90.5,P
4/26/21,85.6,P
4/27/21,78.1,P
4/28/21,80.9,P
4/29/21,366,P
4/30/21,548,P
5/1/21,181,P
5/2/21,136,P
5/3/21,122,P
5/4/21,179,P
5/5/21,704,P
5/6/21,291,P
5/7/21,191,P
5/8/21,164,P
5/9/21,141,P
5/10/21,198,P
5/11/21,149,P
5/12/21,120,P
5/13/21,105,P
5/14/21,96.5,P
5/15/21,89.6,P
5/16/21,81.2,P
5/17/21,82.9,P
5/18/21,78.3,P
5/19/21,68.6,P
5/20/21,62,P
5/21/21,57.3,P
5/22/21,53.3,P
5/23/21,49.5,P
5/24/21,45,P
5/25/21,41.8,P
5/26/21,41.8,P
5/27/21,52.6,P
5/28/21,43.8,P
5/29/21,165,P
5/30/21,134,P
5/31/21,219,P
6/1/21,107,P
6/2/21,78.3,P
6/3/21,65.3,P
6/4/21,61.6,P
6/5/21,55.2,P
6/6/21,45.8,P
6/7/21,40.7,P
6/8/21,51.2,P
6/9/21,54.5,P
6/10/21,41.8,P
6/11/21,34.5,P
6/12/21,33.3,P
6/13/21,31.3,P
6/14/21,70.6,P
6/15/21,62.9,P
6/16/21,40.4,P
6/17/21,31.6,P
6/18/21,27.6,P
6/19/21,26,P
6/20/21,24.4,P
6/21/21,22.8,P
6/22/21,24.7,P
6/23/21,30.6,P
6/24/21,24,P
6/25/21,21.2,P
6/26/21,21.8,P